-- phpMyAdmin SQL Dump
-- version 5.2.1
-- https://www.phpmyadmin.net/
--
-- Host: 127.0.0.1
-- Generation Time: Dec 15, 2024 at 09:38 AM
-- Server version: 10.4.32-MariaDB
-- PHP Version: 8.2.12

SET SQL_MODE = "NO_AUTO_VALUE_ON_ZERO";
START TRANSACTION;
SET time_zone = "+00:00";


/*!40101 SET @OLD_CHARACTER_SET_CLIENT=@@CHARACTER_SET_CLIENT */;
/*!40101 SET @OLD_CHARACTER_SET_RESULTS=@@CHARACTER_SET_RESULTS */;
/*!40101 SET @OLD_COLLATION_CONNECTION=@@COLLATION_CONNECTION */;
/*!40101 SET NAMES utf8mb4 */;

--
-- Database: `mamakitchen`
--

-- --------------------------------------------------------

--
-- Table structure for table `categories`
--

CREATE TABLE `categories` (
  `categoryId` int(1) NOT NULL,
  `categoryName` varchar(255) NOT NULL
) ENGINE=InnoDB DEFAULT CHARSET=utf8mb4 COLLATE=utf8mb4_general_ci;

--
-- Dumping data for table `categories`
--

INSERT INTO `categories` (`categoryId`, `categoryName`) VALUES
(1, 'Main course'),
(2, 'Start menu'),
(3, 'Dessert menu'),
(4, 'Drink');

-- --------------------------------------------------------

--
-- Table structure for table `fooditems`
--

CREATE TABLE `fooditems` (
  `foodId` int(11) NOT NULL,
  `foodImg` longtext NOT NULL,
  `foodName` varchar(255) NOT NULL,
  `categoryId` int(1) NOT NULL,
  `price` float(10,2) NOT NULL,
  `detail` varchar(1000) NOT NULL,
  `description` longtext NOT NULL
) ENGINE=InnoDB DEFAULT CHARSET=utf8mb4 COLLATE=utf8mb4_general_ci;

--
-- Dumping data for table `fooditems`
--

INSERT INTO `fooditems` (`foodId`, `foodImg`, `foodName`, `categoryId`, `price`, `detail`, `description`) VALUES
(1, 'https://nineshield.com.vn/wp-content/uploads/2024/03/com-chien-duong-chau-ngon.jpg', 'Yangzhou Fried Rice', 1, 60000.00, 'Traditional fried rice with a delightful \nmix of eggs, sausage, and vegetables', 'Yangzhou Fried Rice features perfectly separated rice grains stir-fried with golden eggs, diced sausage, and fresh vegetables. This easy-to-make dish offers a harmonious flavor that is suitable for any meal'),
(2, 'https://images.pexels.com/photos/9567078/pexels-photo-9567078.jpeg?auto=compress&cs=tinysrgb&w=600\r\n', 'Chicken Curry Fish', 1, 85000.00, 'Rich and creamy fish curry with coconut \nmilk and traditional spices', 'Chicken Curry Fish is a Southern specialty made with fresh fish simmered\r\n in a creamy coconut milk sauce, flavored with turmeric, chili, and lime\r\n leaves. A unique and appetizing dish full of bold flavors'),
(3, 'https://www.foodandwine.com/thmb/h-B1h54rtJx-DN8jOGOCrL9xSwE=/750x0/filters:\r\nno_upscale():max_bytes(150000):strip_icc():format(webp)/viet-beef-stew-with-star-anise\r\n-and-lemongrass-ft-RECIPE0219-47b5204e4a7744a2b01d9e73b2da5610.jpg', 'Beef Stew with Lemongrass and Turmeric', 1, 95000.00, 'A rich and flavorful beef stew, slowly \r\ncooked with lemongrass, turmeric, and \r\nspices for a comforting and aromatic dish', 'This comforting beef stew is made with tender beef slow-cooked in a rich\r\n, aromatic broth that is infused with lemongrass and turmeric. The savory\r\n depth of the beef combined with the fragrant spices creates a dish that is \r\nnot only flavorful but also soothing and warming. Perfect for special family \r\nmeals or gatherings, this dish will delight anyone who loves a hearty and\r\n aromatic stew'),
(4, 'https://cdn.tgdd.vn/2021/01/CookProduct/BeFunky-collage(22)-1200x676.jpg', 'Grilled Beef Skewers (Kim Tien Style)', 1, 120000.00, 'Juicy beef skewers grilled over hot coals,\r\n marinated with a special blend of spices \r\nfor a smoky and flavorful taste', 'These Kim Tien-style grilled beef skewers are an absolute treat. Tender \nchunks of beef are marinated in a special blend of traditional spices and\n grilled to perfection, creating a smoky aroma and juicy interior. Each \nskewer is served with a savory, flavorful glaze that adds richness and \ndepth to the beef. A perfect dish for those who enjoy a smoky, spicy \nbarbecue flavor, ideal for sharing with friends and family'),
(5, 'https://cdn2.fptshop.com.vn/unsafe/1920x0/filters:quality(100)/ca_tam_nuong_muoi_ot_bia_876e728f70.jpg', 'Grilled Sturgeon with Salt and Chili', 1, 140000.00, 'Grilled sturgeon marinated with a blend\r\n of salt and chili, creating a deliciously\r\n smoky and mildly spicy seafood dish', 'Grilled sturgeon is marinated in a special mixture of salt, chili, \r\nand spices before being charred to perfection over a hot grill. \r\nThe fish’s naturally tender texture is enhanced by the bold flavors \r\nof the salt and chili marinade, creating a deliciously spicy and \r\nsmoky dish. Each bite offers the perfect balance of heat and \r\nsavory richness, making it a unique and unforgettable seafood\r\n experience'),
(6, 'https://cdn.tgdd.vn/2020/07/CookProduct/1200cn-1200x676.jpg', 'Snakehead Fish Steamed with Gourd', 1, 130000.00, 'Light and healthy steamed snakehead \r\nfish, paired with fresh gourd to create \r\na balanced and refreshing dish', 'This dish combines the delicate flavor of snakehead fish with\r\n the refreshing taste of fresh gourd. The fish is steamed to preserve \r\nits natural sweetness, resulting in a soft and tender texture. \r\nPaired with the mild, slightly sweet taste of the gourd,\r\n this dish is light, healthy, and packed with natural flavors.\r\n It’s perfect for anyone looking for a nutritious, satisfying\r\n meal that is easy on the palate yet full of taste'),
(7, 'https://cdn.tgdd.vn/2021/10/CookRecipe/Avatar/s2.jpg', 'Sweet and Sour Pork Ribs', 1, 95000.00, 'Crispy fried pork ribs coated in a tangy\r\n and savory sweet-and-sour sauce, \r\ndelivering the perfect balance of flavors', 'These crispy pork ribs are deep-fried until golden brown \r\nand then coated in a tangy sweet-and-sour sauce that \r\nperfectly balances flavors of vinegar, sugar, and spices. \r\nThe crispy exterior contrasts beautifully with the tender, \r\njuicy meat inside. The sauce clings to every bite, offering \r\na delightful mix of tanginess, sweetness, and just the\r\n right amount of spice. This dish is a crowd-pleaser,\r\n ideal for any occasion'),
(8, 'https://haithuycatering.com/image/5c13744d51046d1d88a64aed/original.jpg', 'Grilled Chicken with Lime Leaves', 1, 110000.00, 'Aromatic grilled chicken marinated with lime leaves for a subtle citrus flavor and crispy skin', 'This grilled chicken is marinated with a mix of aromatic spices and finely chopped lime leaves, which infuse the meat with a refreshing citrus flavor. The chicken is grilled to a perfect golden brown, giving it a crispy, flavorful skin while keeping the inside tender and juicy. The fragrance of lime leaves adds a unique depth of flavor, making each bite a delightful experience. It’s a dish that’s both fragrant and savory, perfect for any time of the day'),
(9, 'https://i.ytimg.com/vi/16TtRblsaIM/maxresdefault.jpg', 'Chicken Hotpot with Giang Leaves', 1, 120000.00, 'A comforting chicken hotpot, enriched \r\nwith the tangy taste of giang leaves and \r\ntender free-range chicken', 'This chicken hotpot is a delicious combination of tender\r\n free-range chicken, fresh giang leaves, and a savory broth. \r\nThe tangy giang leaves bring a refreshing sharpness to the dish, \r\nbalancing the sweetness of the chicken. The broth is rich and\r\n comforting, with herbs and spices adding depth to the flavor. \r\nPerfect for family gatherings or a cozy meal, this hotpot offers \r\nboth a nourishing and flavorful experience for those who love sour, \r\nherbal dishes'),
(10, 'https://haisan.online/wp-content/uploads/2022/01/ca-tuyet-kho-12.jpg', 'Black Pepper Codfish', 1, 150000.00, 'Codfish braised with black pepper,\r\ncreating a fragrant and mildly spicy \r\nseafood dish', 'Codfish is slowly braised in a fragrant sauce made with black \r\npepper, fish sauce, and shallots, infusing the fish with deep,\r\n savory flavors. The heat from the black pepper creates a \r\nsubtle spice that is perfectly balanced with the fish’s natural \r\nsweetness. This dish is a favorite among seafood lovers who\r\n enjoy the bold, aromatic flavor of black pepper combined with\r\n tender, flaky codfish. It’s a perfect dish for those seeking a \r\nsimple yet flavorful seafood meal'),
(11, 'https://ibuki.vn/wp-content/uploads/2021/10/Com-ca-hoi-nuong-sot-Teriyaki-scaled.jpg', 'Grilled Salmon with Teriyaki Sauce', 1, 160000.00, 'Grilled salmon glazed with a sweet and\r\n savory teriyaki sauce, offering a perfect \r\nbalance of flavors', 'Grilled salmon is topped with a rich, sweet, and savory teriyaki \r\nsauce that enhances its natural flavors. The smoky taste of \r\nthe grilled salmon perfectly complements the umami-packed \r\nsauce, creating a deliciously balanced dish. The fish is tender \r\nand moist, while the sauce adds a glossy finish with an \r\nirresistible depth of flavor. It’s a light, healthy, and satisfying\r\n meal, ideal for anyone who enjoys a perfect combination of \r\nsweet and savory tastes'),
(12, 'https://file.hstatic.net/200000074883/article/xa_xiu_6e2792a0a60d4c5bb5e21e5c9c2ea667_1814bbe438ba45\r\nae8e471b0503cc6304_1024x1024.jpg', 'Char Siu Pork', 1, 90000.00, 'Tender char siu pork, marinated in a \r\nflavorful mix of five-spice powder, soy\r\n sauce, and honey, with a caramelized\r\n finish', 'Char siu pork is marinated in a rich blend of five-spice powder, \r\nsoy sauce, and honey, creating a sweet and savory glaze that \r\ncaramelizes beautifully as it roasts. The pork is tender and juicy\r\n on the inside with a rich, glossy exterior. The unique flavor profile \r\nof char siu, with its slight sweetness and complex spice, makes it a \r\npopular choice among those who enjoy classic Chinese BBQ flavors.\r\n It’s perfect for enjoying on its own or paired with steamed rice'),
(13, 'https://images.immediate.co.uk/production/volatile/sites/2/2024/05/GurdeepBacalhausaltCodFrittersSaffron-076-f07f1be.gif?quality=90&webp=true&resize=375,341', 'Sweet Potato Balls', 2, 70000.00, 'Sweet potato balls are a delicious snack with a crispy golden crust on the outside and soft, sweet, chewy sweet potato filling inside, often served with condensed milk or palm sugar syrup.', 'Sweet potato balls are a popular snack made by mashing steamed sweet potatoes and mixing them with tapioca flour, sugar, and coconut milk for a fragrant and creamy texture. The mixture is shaped into small, bite-sized pieces resembling silkworm cocoons, coated in a thin layer of crispy batter, and deep-fried until golden brown.\r\nWhen served, these sweet potato balls deliver a perfect balance between the natural sweetness of the sweet potato and the crunchy texture of the coating. They are typically paired with dipping sauces such as condensed milk or sweet syrups for added flavor.\r\nThis snack is loved by both kids and adults alike, making it an excellent choice for family gatherings or friendly get-togethers. For a fun twist, you can add cheese to the center for a surprise filling!\r\n'),
(14, 'https://nhannauan.com/wp-content/uploads/2019/06/trung-cut.jpg', 'Quail Eggs', 2, 55000.00, 'Quail eggs are small, nutrient-rich eggs with a delicate flavor, often boiled, fried, or used as a topping in various dishes.', 'Quail eggs are miniature eggs known for their creamy yolk and mild taste. Their petite size and speckled shells make them visually appealing and a popular choice in gourmet dishes. Quail eggs can be prepared in many ways:\r\nBoiled: Served as a snack, in salads, or with dipping sauces.\r\nFried: Often used as a topping for dishes like rice, noodles, or bánh tráng nướng (Vietnamese grilled rice paper).\r\nPickled: Preserved in vinegar and spices, offering a tangy flavor.\r\nRich in protein, vitamins, and minerals, quail eggs are a nutritious addition to meals. In Vietnamese cuisine, they frequently appear in street foods, like savory pastries or bánh khọt (mini pancakes), enhancing both flavor and presentation. Their versatility and nutritional value make them a favorite in kitchens worldwide.\r\n'),
(15, 'https://img.freepik.com/premium-photo/freshly-grilled-buffalo-chicken-wings-with-savory-sauce-generative-ai_188544-8119.jpg?w=900', 'Chicken Wings', 2, 40000.00, 'Chicken wings are a crowd-pleasing dish, known for their crispy skin, juicy meat, and a variety of flavorful sauces, ranging from tangy and spicy to sweet and savory.', 'Chicken wings are a versatile and beloved dish often served as appetizers, snacks, or party favorites. They can be prepared in numerous ways, such as fried, baked, grilled, or air-fried, depending on personal preference.\r\nThe wings are typically seasoned with spices or marinated to enhance their flavor before cooking. Once prepared, they are often coated with a variety of sauces like buffalo (spicy), barbecue (sweet and smoky), honey garlic (sweet and tangy), or teriyaki (savory and sweet).\r\nServed hot, chicken wings are best enjoyed with dipping sauces such as ranch or blue cheese, alongside accompaniments like celery sticks or carrot slices. Their finger-licking taste and endless sauce combinations make them a global favorite for casual meals or game-day gatherings.\r\n'),
(16, 'https://i.pinimg.com/736x/e7/c4/e5/e7c4e5668f7776be5134a95d0ad7f5e5.jpg', 'Vegetable Salad', 2, 30000.00, 'A refreshing and healthy dish made with a variety of fresh vegetables, often combined with a light dressing, perfect as a side or a main course.', 'Vegetable salad is a nutritious and colorful dish that combines a variety of fresh, raw, or lightly cooked vegetables such as lettuce, tomatoes, cucumbers, carrots, bell peppers, and onions. Additional ingredients like avocado, olives, nuts, seeds, or cheese can be included to enhance flavor and texture.\r\nThe salad is usually tossed with a dressing, ranging from a simple vinaigrette (olive oil, vinegar, and seasoning) to creamy options like Caesar or ranch. It can also be tailored with herbs and spices for added aroma and taste.\r\nVegetable salads are versatile and can be served as a light appetizer, a side dish, or even a main course when topped with proteins like grilled chicken, tofu, or boiled eggs. They\'re a popular choice for those seeking a healthy and satisfying meal.\r\n'),
(17, 'https://i.ytimg.com/vi/dTAHH5mQAZ0/maxresdefault.jpg', 'Lotus Root Salad', 2, 40000.00, 'Lotus root salad is a refreshing and vibrant dish combining crunchy lotus root slices with fresh vegetables, herbs, and a tangy, savory dressing, often topped with peanuts or sesame seeds.', 'Lotus root salad, also known as Gỏi Ngó Sen in Vietnamese cuisine, is a healthy and flavorful dish. It features thinly sliced lotus root, which is known for its crisp texture and subtle sweetness. The salad is usually combined with ingredients like shredded carrots, cucumbers, onions, and herbs such as cilantro and mint for a burst of freshness.\r\nThe dressing is a key element, typically made from a blend of fish sauce, lime juice, sugar, and chili, creating a balance of salty, sweet, tangy, and spicy flavors. Some variations also include shrimp, pork, or grilled chicken for added protein.\r\nTo finish, the salad is often garnished with roasted peanuts or sesame seeds for a nutty crunch, and crispy fried shallots for extra aroma. Lotus root salad is light yet satisfying, making it a perfect appetizer or side dish for any meal.\r\n'),
(18, 'https://down-vn.img.susercontent.com/vn-11134259-7r98o-lwbo0t54g4ih64@resize_ss576x330', 'Bread Pan', 2, 550000.00, 'Bread pan refers to a type of baked bread shaped using a rectangular pan, resulting in a soft and fluffy loaf with a crisp crust, perfect for sandwiches or toasts.', 'A bread pan is a baking essential used to create rectangular loaves of bread, commonly known as sandwich bread or pan bread. The dough is kneaded, proofed, and placed into the pan, which shapes it during baking. This method produces a uniform loaf that is soft inside with a golden-brown crust outside.\r\nBread made in a pan is versatile and can be customized with ingredients like whole grains, seeds, herbs, or even dried fruits for added flavor. It is ideal for slicing evenly, making it a favorite for sandwiches, toast, or French toast.\r\nWhether used for savory applications or paired with sweet spreads, bread baked in a bread pan is a staple in households and bakeries alike.\r\n'),
(19, 'https://toplist.vn/images/800px/thit-heo-lan-com-chien-gion-17932.jpg', 'Fish Cake Rolled in Green Rice', 2, 45000.00, 'A unique Vietnamese delicacy where tender fish cakes are coated with young green rice flakes, creating a crispy, aromatic crust and a juicy, flavorful filling.', 'Fish cake rolled in green rice, or Chả Cá Cốm, is a traditional Vietnamese dish celebrated for its delightful texture and rich flavors. The fish cakes are made from finely ground fish mixed with spices, herbs like dill, and seasoning. They are then coated with Cốm—fresh, soft young green rice flakes that lend the dish a distinct nutty aroma and a crispy texture.\r\nThe coated fish cakes are pan-fried or deep-fried until golden brown, resulting in a crunchy exterior and a moist, savory interior. This dish is often served as an appetizer or a side dish, accompanied by dipping sauces such as sweet chili sauce or a light fish sauce mixture.\r\nIts harmonious combination of textures and the natural sweetness of green rice make it a must-try dish in Vietnamese cuisine. Perfect for festive occasions or everyday meals.\r\n'),
(20, 'https://mms.img.susercontent.com/vn-11134513-7r98o-lsv9xgb19xuhb3@resize_ss640x400!@crop_w640_h400_cT', 'Crab Soup', 2, 50000.00, 'A comforting and flavorful soup made with tender crab meat, eggs, and a savory broth, often thickened with cornstarch and garnished with herbs.', 'Crab soup, also known as Súp Cua in Vietnamese cuisine, is a popular and nutritious dish often served as a starter or light meal. The soup features sweet, delicate crab meat combined with a rich broth made from chicken or pork bones. The texture is thickened using cornstarch, creating a smooth and velvety consistency.\r\nCommon ingredients include shredded crab meat, egg whites (swirled into the soup to create silky strands), mushrooms, quail eggs, and corn kernels. The soup is seasoned with a mix of fish sauce, pepper, and a hint of sesame oil for depth of flavor.\r\nBefore serving, it’s garnished with fresh cilantro, chopped green onions, and sometimes a squeeze of lime or a dash of chili sauce for an extra kick. Crab soup is not only delicious but also packed with protein and nutrients, making it a favorite choice at weddings, celebrations, or as a street food delicacy in Vietnam.\r\n'),
(21, 'https://www.cet.edu.vn/wp-content/uploads/2019/10/goi-bo-bop-thau-thom-ngon.jpg', 'Beef Jerky', 2, 60000.00, 'Beef jerky is a flavorful, protein-rich snack made by marinating thin strips of beef in spices and drying them to achieve a chewy, savory texture.', 'Beef jerky is a popular snack enjoyed worldwide, made by slicing lean cuts of beef into thin strips, marinating them in a mixture of seasonings, and then drying or smoking them to preserve the meat. The marinade often includes ingredients like soy sauce, sugar, garlic, black pepper, chili, and other spices, creating a balance of salty, sweet, and spicy flavors.\r\nThe drying process intensifies the beef\'s flavor while giving it a chewy texture. Beef jerky is a convenient and long-lasting snack, making it a favorite for road trips, hiking, or just casual snacking.\r\nIn Vietnam, beef jerky is often shredded and paired with green papaya salad, creating a delicious balance of sweet, tangy, and savory notes. It\'s a versatile treat that can be eaten on its own or incorporated into other dishes for added flavor.\r\n'),
(22, 'https://static01.nyt.com/images/2015/12/30/dining/30KITCH1/30KITCH1-superJumbo.jpg', 'Buttered Bread', 2, 25000.00, 'A simple yet comforting dish of freshly toasted or soft bread spread with creamy, melted butter, often enjoyed as a breakfast staple or snack.', 'Buttered bread is a timeless classic that involves spreading a generous layer of butter onto slices of bread. The bread can be soft, freshly baked, or lightly toasted for a crispy texture. The butter, either salted or unsalted, melts into the bread, creating a rich and creamy flavor profile.\r\nThis dish can be enjoyed as is or paired with toppings like jam, honey, or a sprinkle of sugar for a sweet touch. For a savory variation, buttered bread is often served with soups, salads, or grilled dishes.\r\nIn its simplicity, buttered bread is a universal comfort food, loved for its versatility and ability to complement both sweet and savory flavors.\r\n'),
(23, 'https://adventurejourney.vn/upload/image/ourblogs/banh-bao.jpg', 'Dumplings', 2, 25000.00, 'Dumplings are bite-sized parcels of dough filled with savory or sweet ingredients, steamed, boiled, fried, or baked, and served with dipping sauces.', 'Dumplings are a versatile and beloved dish found in many cuisines worldwide, featuring soft or crispy wrappers made from flour-based dough. These wrappers are filled with a variety of ingredients such as minced meat (pork, chicken, shrimp, or beef), vegetables (cabbage, mushrooms, or carrots), or even sweet fillings like red bean paste or fruit.\r\nThe preparation method varies: they can be steamed for a soft texture, boiled for a chewy bite, fried for crispiness, or baked for a golden finish. Dumplings are typically served with flavorful dipping sauces made from soy sauce, vinegar, chili oil, or sesame paste, depending on the region.\r\nDumplings are not only a delicious comfort food but also a symbol of togetherness, often enjoyed during festivals like Chinese New Year or family gatherings. With countless variations, from Chinese jiaozi and Japanese gyoza to European pierogi and Indian momos, dumplings are a culinary favorite across cultures.'),
(24, 'https://down-vn.img.susercontent.com/vn-11134513-7r98o-lsvbm31j10nt73@resize_ss576x330', 'Grilled Spring Rolls', 2, 44000.00, 'Grilled spring rolls are crispy and flavorful rolls filled with a savory mixture of meat and vegetables, grilled to perfection for a smoky, golden-brown crust.', 'Grilled spring rolls, also known as Nem Nướng or Chả Giò Nướng in Vietnamese cuisine, are a delectable twist on traditional fried spring rolls. They are made by wrapping a mixture of minced pork, shrimp, or chicken with finely chopped vegetables like carrots, mushrooms, and onions, along with vermicelli noodles and seasoning, in a thin rice paper or wrapper.\r\nThe rolls are then grilled over charcoal or baked, giving them a unique smoky aroma and slightly crisp texture. Often brushed with a light glaze during grilling, they achieve a beautifully golden and caramelized crust.\r\nServed hot, grilled spring rolls are typically paired with fresh lettuce, herbs, and rice noodles, accompanied by a tangy dipping sauce made from fish sauce, garlic, lime, and chili. They are a healthier and equally delicious alternative to their fried counterparts, offering a balance of smoky, savory, and fresh flavors.\r\n'),
(25, 'https://www.thecountrycook.net/wp-content/uploads/2023/06/thumbnail-Starbuck_s-Pink-Drink-scaled.jpg', 'strawberry yogurt', 4, 20000.00, 'A creamy, sweet, and tangy treat made with fresh strawberries blended into smooth yogurt, offering a delicious and nutritious snack or dessert.', 'Strawberry yogurt is a refreshing and wholesome dish combining the natural sweetness of strawberries with the creamy texture of yogurt. Made by blending ripe strawberries into plain yogurt, it creates a pink-hued, fruity treat that is as visually appealing as it is delicious. Sugar, honey, or a touch of vanilla can be added to enhance the sweetness.\r\nThis dish can be served as a snack, breakfast, or dessert, and is often topped with fresh strawberry slices, granola, or nuts for added texture and flavor. Packed with probiotics, vitamins, and antioxidants, strawberry yogurt supports digestion, boosts immunity, and provides a healthy energy boost.\r\nIts versatility makes it perfect for smoothies, parfaits, or as a base for frozen yogurt, satisfying cravings while being nutritious.'),
(26, 'https://pushmax.vn/wp-content/uploads/2024/07/N%C6%B0%E1%BB%9Bc-%C3%A9p-cam-l%C3%A0m-%C4%91%E1%BA%B9p-da-n%E1%BB%AF.jpg', 'orange juice', 4, 20000.00, 'A refreshing and zesty beverage made from freshly squeezed oranges, rich in vitamin C and natural sweetness.', 'Orange juice is a classic, energizing drink made by extracting the juice from fresh oranges. Known for its vibrant color and tangy-sweet flavor, it’s a favorite choice for breakfast or as a refreshing beverage throughout the day.\r\nThis drink is not only delicious but also packed with essential nutrients such as vitamin C, potassium, and antioxidants, which help boost the immune system, support heart health, and improve skin.\r\nIt can be served chilled, over ice, or with pulp for added texture. Some variations include adding a splash of honey, mint, or lemon for an extra burst of flavor. Orange juice is versatile and can also be used in cocktails, mocktails, or as an ingredient in cooking and baking.'),
(28, 'https://www.ohhowcivilized.com/wp-content/uploads/2019/07/0719-matcha-frappuccino-9-1.jpg', 'green tea frappuccino', 4, 25000.00, 'A creamy, icy blended beverage made with matcha green tea powder, milk, and sweetener, topped with whipped cream for a refreshing treat.\r\n', 'The Green Tea Frappuccino is a popular, indulgent drink combining the earthy flavor of matcha green tea with the creamy texture of milk and ice. Sweetened to taste, it is blended into a smooth, frothy consistency and typically topped with a generous dollop of whipped cream for an extra layer of richness.\r\nMatcha, the key ingredient, is packed with antioxidants and provides a subtle caffeine boost, making this drink both flavorful and energizing.\r\nThis refreshing frappuccino is perfect for warm days or as a pick-me-up, with variations including plant-based milk alternatives, reduced sugar options, or toppings like caramel drizzle or matcha powder dusting for a personalized twist.'),
(29, 'https://www.peanutbutterandfitness.com/wp-content/uploads/2020/05/IMG_3110.jpg', 'blueberry juice', 4, 25000.00, 'A vibrant and refreshing drink made from fresh blueberries, offering a sweet and tangy flavor packed with antioxidants and nutrients.', 'Blueberry juice is a delightful beverage made by blending or juicing fresh blueberries. Its deep purple color and naturally sweet, slightly tart flavor make it a popular choice for health-conscious individuals.\r\nRich in antioxidants like anthocyanins, vitamin C, and fiber, blueberry juice supports immune health, improves digestion, and promotes healthy skin. Often served chilled, it can be enjoyed on its own or mixed with other juices like apple, lemon, or grape for added flavor.\r\nBlueberry juice is versatile and can be sweetened with honey or sugar if desired. It’s a perfect drink for any time of the day and is also used as a base for smoothies, cocktails, or mocktails.'),
(30, 'https://i0.wp.com/www.imbored-letsgo.com/wp-content/uploads/2014/08/Ginger-Peach-Cooler.jpg?ssl=1', 'ginger peach cooler', 4, 30000.00, 'A refreshing and aromatic drink combining the sweetness of peaches with the zesty warmth of ginger, served over ice for a perfect summer cooler.', 'The Ginger Peach Cooler is a delightful, thirst-quenching beverage made by blending ripe peaches with a hint of fresh ginger and sweetener, such as honey or sugar. The mixture is typically combined with chilled sparkling water or soda for a fizzy kick.\r\nThis drink offers a harmonious balance of flavors: the natural sweetness and floral aroma of peaches are complemented by the spicy zing of ginger. It’s often garnished with fresh peach slices, mint leaves, or a twist of lemon for an extra refreshing touch.\r\nPerfect for hot days, this cooler is not only delicious but also provides a boost of vitamins and antioxidants from the peaches and aids digestion thanks to the ginger. It\'s an elegant choice for casual gatherings, picnics, or as a non-alcoholic party drink.'),
(31, 'https://beptruong.edu.vn/wp-content/uploads/2019/01/cookie-ice-blended.jpg', 'Cookie Cream', 4, 25000.00, 'A rich and creamy dessert or beverage made with crushed cookies blended into a smooth mixture of milk, cream, and ice, often topped with whipped cream and cookie crumbs.', 'Cookie Cream is a decadent treat that combines the crunch of cookies (commonly chocolate sandwich cookies like Oreos) with the smooth texture of milk and cream. Depending on the preparation, it can be served as a milkshake, ice cream, or dessert parfait.\r\nTo make it, cookies are crushed and blended with milk, cream, sugar, and sometimes vanilla extract, resulting in a creamy, indulgent mixture. When served as a drink, it’s poured over ice or blended with ice for a frosty, thick consistency. Toppings like whipped cream, cookie crumbles, or chocolate syrup elevate its presentation and taste.\r\nCookie Cream is a versatile and indulgent choice, loved by both kids and adults, perfect for dessert or a sweet pick-me-up.'),
(32, 'https://vietblend.vn/wp-content/uploads/2016/10/vb.web-tra-dao.jpg', 'Fruit tea', 4, 20000.00, 'A refreshing beverage made by infusing tea with a blend of fresh fruits and natural sweeteners, offering a perfect balance of fruity and earthy flavors.', 'Fruit Tea is a vibrant and hydrating drink that combines the natural flavors of brewed tea (black, green, or herbal) with fresh fruits like oranges, lemons, berries, or peaches. The fruits are sliced, muddled, or juiced to enhance the tea’s flavor, creating a delightful mix of sweetness, tartness, and aromatic notes.\r\nOften sweetened with honey or sugar, fruit tea can be served hot for a cozy drink or over ice for a refreshing summer treat. Additions like mint leaves, basil, or chia seeds can enhance its flavor and texture.\r\nNot only is fruit tea delicious, but it also provides health benefits such as hydration, antioxidants from the tea, and vitamins from the fresh fruit. It’s a versatile drink that can be tailored to different tastes and is ideal for casual gatherings, relaxing moments, or as a light, flavorful refreshment.'),
(33, 'https://grandcru.vn/wp-content/uploads/2024/06/chteau-perthus.png', 'red wine', 4, 250000.00, 'A smooth and elegant alcoholic beverage made from fermented dark-skinned grapes, known for its rich flavors and health-enhancing antioxidants', 'Red wine is a timeless drink crafted by fermenting dark grape varieties, where the skins remain in contact during fermentation, giving the wine its distinct red hue. The flavors of red wine range from fruity and sweet to bold and tannic, depending on the grape variety and aging process.\r\nPopular types of red wine include Cabernet Sauvignon, Merlot, Pinot Noir, and Shiraz, each offering unique taste profiles with hints of berries, spices, oak, or earthy notes.\r\nRed wine is often enjoyed as a pairing with hearty meals like steak, pasta, or cheese platters, enhancing the flavors of the dishes. In moderation, it is believed to have health benefits, such as improving heart health and providing antioxidants like resveratrol.\r\n'),
(34, 'https://simexcodl.com.vn/wp-content/uploads/2024/01/cach-lam-ca-phe-da-xay-4.jpg', 'Ground chocolate', 4, 35000.00, 'A rich and versatile powdered chocolate used to create decadent hot chocolate drinks, desserts, or baked goods, offering a deep cocoa flavor.', 'Ground Chocolate refers to finely milled chocolate or cocoa powder often mixed with sugar and sometimes milk solids, used as a base for a variety of beverages and desserts. Its smooth texture and intense cocoa taste make it perfect for creating a creamy hot chocolate, milkshakes, or as a topping for coffee drinks like mochas.\r\nIn baking, ground chocolate is a key ingredient for cakes, brownies, cookies, and frostings, adding a rich chocolate flavor. It can also be sprinkled on desserts, such as whipped cream, ice cream, or fruit, for added indulgence.\r\nDepending on the blend, ground chocolate may include spices like cinnamon or vanilla for a flavor boost. It’s a pantry essential for chocolate lovers, bringing warmth and sweetness to any culinary creation.'),
(35, 'https://encrypted-tbn0.gstatic.com/images?q=tbn:ANd9GcQC0JayutnRtE_AbDoJVZKHcJwTDW9ndmCodA&s', 'blueberry soda', 4, 20000.00, 'A fizzy and refreshing drink made with sweet blueberry syrup, sparkling water, and ice, perfect for a burst of fruity flavor.', 'Blueberry Soda is a vibrant and delightful beverage combining the sweet and tangy taste of blueberries with the crisp fizz of sparkling water or soda. It’s made by mixing fresh blueberry syrup, which is crafted from blueberries simmered with sugar and lemon juice, with chilled soda water or club soda.\r\nServed over ice, the drink is often garnished with fresh blueberries, mint leaves, or a lemon slice for added flavor and presentation. The balance of fruity sweetness and fizzy effervescence makes it a refreshing choice for hot days, parties, or as a non-alcoholic cocktail option.\r\nBlueberry Soda is not only delicious but also provides antioxidants and vitamins from the blueberries, making it a fun and slightly healthier alternative to regular sodas.'),
(36, 'https://amthucvanho.com.vn/wp-content/uploads/2020/10/5-mon-socola-nong-tuyet-ngon-cuc-de-lam-cho-ngay-gio-mua-ve-1.jpg', 'hot chocolate', 4, 25000.00, 'A rich and creamy warm beverage made from melted chocolate or cocoa powder mixed with milk or water, perfect for cozy moments.', 'Hot Chocolate is a beloved comfort drink, combining the sweetness of chocolate with the smoothness of warm milk or water. It’s made by melting chocolate or whisking cocoa powder with sugar into hot liquid, creating a creamy, velvety texture. For extra indulgence, it’s often topped with whipped cream, marshmallows, or a sprinkle of cocoa powder.\r\nThe drink can be customized with various flavors, such as vanilla, cinnamon, or a dash of peppermint for festive flair. It is especially popular during cold seasons, providing warmth and a soothing chocolatey taste.\r\nHot Chocolate is not only a delicious treat but also contains antioxidants from the cocoa, which may offer mood-boosting and heart-health benefits. It’s a timeless choice for relaxing evenings or festive gatherings.'),
(37, 'https://tmwine.vn/upload/galleries//ban-da-biet-ve-he-thong-phan-loai-ruou-vang-graves-2-I5MV1689922374.jpg', 'wine', 4, 150000.00, 'An elegant alcoholic beverage made from fermented grapes or other fruits, celebrated for its diverse flavors and rich cultural heritage.', 'Wine is a versatile drink produced by fermenting the juice of grapes or other fruits. Its taste and aroma vary depending on the type of grapes, the region, and the winemaking process. The two primary types are red wine and white wine, with subcategories such as rosé, sparkling wine (like champagne), and fortified wine (like port).\r\nRed wine is made from dark grapes and is known for its bold, tannic flavors, while white wine is crafted from green or light-colored grapes, offering a lighter and crisper profile. Rosé is a blend of the two, often light and fruity.\r\nWine is typically paired with food, enhancing the flavors of dishes like pasta, seafood, or cheese. Its consumption in moderation is associated with health benefits, such as heart health due to antioxidants like resveratrol.'),
(38, 'https://encrypted-tbn0.gstatic.com/images?q=tbn:ANd9GcQqaM0cCVxQQXHXT_QGA2befLdt35iuZGJUCA&s', 'Chocolate Lava Cake', 3, 120000.00, 'Warm, rich chocolate cake with a gooey molten center, served with vanilla ice cream.', ' Indulge in our decadent Chocolate Lava Cake, a dessert lover\'s dream. This warm, rich chocolate cake is baked to perfection, creating a delightful contrast between the firm exterior and the luscious, molten chocolate center that flows out with the first bite. Paired with a scoop of creamy vanilla ice cream, the combination of hot and cold creates an unforgettable taste experience. Garnished with a sprinkle of powdered sugar and a fresh mint leaf, this dessert is the perfect ending to any meal, satisfying even the most discerning sweet tooth.'),
(39, 'https://www.inspiredtaste.net/wp-content/uploads/2024/03/New-York-Cheesecake-Recipe-2.jpg', 'New York Cheesecake', 3, 135000.00, 'Classic creamy cheesecake with a graham cracker crust, topped with a glossy strawberry compote.', ' Experience the ultimate indulgence with our New York Cheesecake, a timeless classic that boasts a smooth and creamy texture. This decadent dessert features a perfectly baked graham cracker crust that provides a delightful crunch with every bite. The rich, velvety cheesecake filling is made with the finest ingredients, offering a balance of sweetness and tanginess that melts in your mouth. To elevate this culinary delight, we top it with a luscious strawberry compote, adding a burst of fruity freshness. Whether enjoyed on its own or with a cup of coffee, our New York Cheesecake promises a satisfying and memorable dessert experience.'),
(40, 'https://handletheheat.com/wp-content/uploads/2023/12/best-tiramisu-recipe-SQUARE.jpg', 'Tiramisu', 3, 142000.00, 'Tiramisu is a classic Italian dessert made of layers of coffee-soaked ladyfingers, mascarpone cream, and cocoa powder.', 'Tiramisu is a beloved Italian dessert that combines rich flavors and a creamy texture. The dessert is made by layering delicate ladyfingers that are dipped in strong coffee or espresso, creating a subtle coffee flavor. Between the layers, a smooth and velvety mascarpone cheese mixture, enriched with whipped cream and egg yolks, provides a creamy contrast. The final touch is a dusting of cocoa powder, adding a hint of bitterness to balance the sweetness. Tiramisu is chilled for several hours, allowing the flavors to meld together for a perfect balance of sweetness and coffee aroma.'),
(41, 'https://www.recipetineats.com/tachyon/2016/09/Creme-Brulee_8-SQ.jpg?resize=500%2C375', 'Crème Brûlée', 3, 136000.00, 'Crème brûlée is a creamy French custard dessert topped with a crispy, caramelized sugar crust.', 'Crème brûlée is a rich and indulgent French dessert, made from a smooth custard base composed of heavy cream, egg yolks, sugar, and vanilla. The custard is gently baked in ramekins until it sets into a velvety texture. The key feature of crème brûlée is its signature crispy, caramelized sugar top, achieved by sprinkling a thin layer of sugar over the custard and then briefly torching it until golden and crunchy. The contrast between the creamy custard and the crisp, caramelized sugar creates a delightful textural experience, making crème brûlée a timeless favorite in fine dining and home kitchens alike.'),
(42, 'https://encrypted-tbn0.gstatic.com/images?q=tbn:ANd9GcRY7v_j8CdcPpF8oO0qu90In-w8T8cwt6n1dw&s', 'Panna Cotta', 3, 98000.00, 'Panna cotta is a creamy Italian dessert made from sweetened cream, often topped with fruit or syrup.', 'Panna cotta, which translates to \"cooked cream\" in Italian, is a smooth and creamy dessert that is simple yet luxurious. The base is made by heating cream with sugar and vanilla, then adding gelatin to help it set. The mixture is poured into molds and chilled until firm, resulting in a delicate, silky custard-like texture. Often served with a variety of toppings such as fresh berries, fruit coulis, or a drizzle of caramel or chocolate sauce, panna cotta is a versatile and elegant dessert. Its light, rich flavor and soft texture make it a favorite for special occasions and casual gatherings alike.'),
(43, 'https://encrypted-tbn0.gstatic.com/images?q=tbn:ANd9GcSNXUzOc5PQE36OifAeWHD39PdYHQ38xbaTOA&s', 'Apple Pie à la Mode', 3, 155000.00, 'Apple Pie à la Mode is a classic dessert consisting of warm apple pie served with a scoop of vanilla ice cream.', 'Apple Pie à la Mode is a comforting dessert that combines two favorites: homemade apple pie and creamy vanilla ice cream. The warm, spiced apple filling is nestled within a flaky, buttery crust, offering a perfect balance of sweet, tart, and cinnamon flavors. When served à la mode, a generous scoop of vanilla ice cream is placed on top of the warm pie, melting slightly and blending into the warm pie, creating a delicious contrast in temperature and texture. The creamy, smooth ice cream complements the crisp, tender pie, making this an irresistible treat, often finished with a drizzle of caramel or a sprinkle of cinnamon.'),
(44, 'https://encrypted-tbn0.gstatic.com/images?q=tbn:ANd9GcQqrBi5V9c3gWEE2kt8GHP9fmtUdoIywDyy_w&s', 'Lemon Tart', 3, 114000.00, 'A lemon tart is a refreshing dessert with a buttery crust filled with tangy lemon custard.', 'Lemon tart is a zesty and refreshing dessert featuring a crisp, buttery pastry crust filled with a smooth, tangy lemon curd. The curd is made from fresh lemon juice, sugar, eggs, and butter, creating a silky texture with a perfect balance of sweetness and tartness. The tart is typically baked until the filling is set, resulting in a bright, citrusy flavor that contrasts beautifully with the rich, flaky crust. Often topped with a dusting of powdered sugar or decorative whipped cream, lemon tart is a favorite for those who enjoy a balance of tang and sweetness in their desserts, making it a delightful choice for any occasion.'),
(45, 'https://encrypted-tbn0.gstatic.com/images?q=tbn:ANd9GcTKnWF9gNffDERKlEfsMABIalNmKk4o7N5pbw&s', 'Chocolate Mousse', 3, 186000.00, 'Chocolate mousse is a rich and airy dessert made from whipped cream and melted chocolate.', 'Chocolate mousse is a decadent, velvety dessert that combines rich melted chocolate with whipped cream to create a light and fluffy texture. The mousse typically includes eggs, sugar, and sometimes a touch of vanilla, resulting in a smooth, creamy consistency. The chocolate base can vary, with dark, milk, or white chocolate used for different flavor profiles. Once whipped, the mousse is chilled until it firms up, allowing the flavors to develop. It’s often served in individual cups or bowls and can be garnished with chocolate shavings, whipped cream, or fresh berries. The balance of richness and airiness makes chocolate mousse a crowd-pleasing treat for chocolate lovers.'),
(46, 'https://encrypted-tbn0.gstatic.com/images?q=tbn:ANd9GcSCm4PyRE-ooXbtIldearsqEPMPeLEXn9dEuA&s', 'Banana Split', 3, 199000.00, 'A Banana Split is a classic sundae made with a split banana, scoops of ice cream, and topped with chocolate syrup, whipped cream, and cherries.', 'The Banana Split is a timeless American dessert that consists of a banana cut in half lengthwise, with three scoops of ice cream placed on top—typically vanilla, chocolate, and strawberry. It’s then drizzled with classic toppings such as chocolate syrup, strawberry sauce, and pineapple, followed by a generous amount of whipped cream. To complete this indulgent treat, maraschino cherries are placed on top, and sometimes crushed nuts or sprinkles are added for extra crunch. This colorful and satisfying dessert offers a perfect balance of creamy, fruity, and chocolatey flavors, making it a nostalgic favorite for many.'),
(47, 'https://encrypted-tbn0.gstatic.com/images?q=tbn:ANd9GcS9oEqHTUcziIx3-FZreM4LzpJPhMbxt8UXEg&s', 'Fruit Platter', 3, 220000.00, 'A fruit platter is a colorful assortment of fresh, sliced fruits, often served as a light and refreshing snack or dessert.', 'A fruit platter is a beautifully arranged selection of fresh, seasonal fruits, typically sliced and served on a large dish or tray. It often includes a variety of fruits such as melons, berries, citrus, grapes, pineapple, kiwi, and apples, offering a vibrant mix of flavors and textures. The platter can be enhanced with garnishes like mint leaves, yogurt dips, or honey for extra sweetness. This healthy and visually appealing dish is perfect for gatherings, picnics, or as a light dessert. A fruit platter is not only refreshing but also packed with vitamins and antioxidants, making it both a delicious and nutritious option.'),
(48, 'https://encrypted-tbn0.gstatic.com/images?q=tbn:ANd9GcQazH532E1mw6sKwUzDIgcmbPvctYU4xQSQPw&s', 'Red Velvet Cake', 3, 167000.00, 'Red Velvet Cake is a moist, rich cake with a hint of cocoa, vibrant red color, and cream cheese frosting.', 'Red Velvet Cake is a striking dessert known for its vibrant red color and subtle cocoa flavor. The cake itself is moist and tender, made with ingredients like buttermilk, vinegar, and a small amount of cocoa powder, which gives it a mild chocolate taste. The cake’s signature red hue is achieved using red food coloring, making it visually stunning. Traditionally, it is paired with a tangy cream cheese frosting or buttercream, which balances the slight acidity of the cake and enhances its richness. Red Velvet Cake is often served at celebrations such as birthdays or holidays, offering both a festive look and a deliciously smooth texture.'),
(49, 'https://encrypted-tbn0.gstatic.com/images?q=tbn:ANd9GcTDr-tzoZ_IsEbEbB21RhB-QLvXDgKAjdKPxw&s', 'Mango Sticky Rice', 3, 146000.00, 'Mango Sticky Rice is a popular Thai dessert made of sweet sticky rice paired with ripe mango and drizzled with coconut milk.', 'Mango Sticky Rice (Khao Niew Mamuang) is a beloved Thai dessert that combines the rich, creamy flavor of coconut milk with the sweetness of ripe mango and the chewy texture of sticky rice. The sticky rice is cooked with sugar and coconut milk, making it a fragrant and flavorful base. Slices of fresh, juicy mango are served alongside the rice, creating a perfect balance of sweetness and richness. Often, the dish is garnished with sesame seeds, mung beans, or coconut flakes for added texture. Mango Sticky Rice is typically enjoyed during the summer months when mangoes are in season, offering a refreshing and satisfying dessert that highlights the vibrant flavors of Thai cuisine.');

-- --------------------------------------------------------

--
-- Table structure for table `user`
--

CREATE TABLE `user` (
  `userId` int(11) NOT NULL,
  `fullName` varchar(250) NOT NULL,
  `email` varchar(100) NOT NULL,
  `passWord` varchar(100) NOT NULL,
  `avataImg` longtext DEFAULT NULL,
  `address` longtext DEFAULT NULL,
  `role` varchar(10) NOT NULL DEFAULT 'user',
  `phoneNum` varchar(11) DEFAULT NULL,
  `dob` date DEFAULT NULL
) ENGINE=InnoDB DEFAULT CHARSET=utf8mb4 COLLATE=utf8mb4_general_ci;

--
-- Dumping data for table `user`
--

INSERT INTO `user` (`userId`, `fullName`, `email`, `passWord`, `avataImg`, `address`, `role`, `phoneNum`, `dob`) VALUES
(1, 'Nguyen Tran Hoang Xuan', 'hoangnguyendepgiai@gmail.com', 'duyenha123', NULL, '26 Phan Boi Chau quao', 'user', '0343609441', '2024-12-10'),
(2, 'Nguyen Tran Hoang Xuan', 'hoangnguyendep@gmail.com', 'duyenha123', NULL, '26 Phan Boi Chau Dep giai', 'user', '0343434223', '2024-12-01'),
(3, 'nguyen', 'be.y26@student.passerellesnumeriqes.org', '123123', NULL, NULL, 'user', '0343434223', '2024-12-27');

--
-- Indexes for dumped tables
--

--
-- Indexes for table `categories`
--
ALTER TABLE `categories`
  ADD PRIMARY KEY (`categoryId`);

--
-- Indexes for table `fooditems`
--
ALTER TABLE `fooditems`
  ADD PRIMARY KEY (`foodId`),
  ADD KEY `categoryId` (`categoryId`);

--
-- Indexes for table `user`
--
ALTER TABLE `user`
  ADD PRIMARY KEY (`userId`);

--
-- AUTO_INCREMENT for dumped tables
--

--
-- AUTO_INCREMENT for table `categories`
--
ALTER TABLE `categories`
  MODIFY `categoryId` int(1) NOT NULL AUTO_INCREMENT, AUTO_INCREMENT=5;

--
-- AUTO_INCREMENT for table `fooditems`
--
ALTER TABLE `fooditems`
  MODIFY `foodId` int(11) NOT NULL AUTO_INCREMENT, AUTO_INCREMENT=50;

--
-- AUTO_INCREMENT for table `user`
--
ALTER TABLE `user`
  MODIFY `userId` int(11) NOT NULL AUTO_INCREMENT, AUTO_INCREMENT=4;

--
-- Constraints for dumped tables
--

--
-- Constraints for table `fooditems`
--
ALTER TABLE `fooditems`
  ADD CONSTRAINT `fooditems_ibfk_1` FOREIGN KEY (`categoryId`) REFERENCES `categories` (`categoryId`) ON DELETE CASCADE ON UPDATE CASCADE;
COMMIT;

/*!40101 SET CHARACTER_SET_CLIENT=@OLD_CHARACTER_SET_CLIENT */;
/*!40101 SET CHARACTER_SET_RESULTS=@OLD_CHARACTER_SET_RESULTS */;
/*!40101 SET COLLATION_CONNECTION=@OLD_COLLATION_CONNECTION */;
